{
  "total": 222,
  "passed": 222,
  "failed": 0,
  "meanConfidence": 0.519774011299435,
  "meanLatencyMs": 0.12162162162162163,
  "p95LatencyMs": 1,
  "refusalRate": 0.20270270270270271,
  "driftRate": 0.1036036036036036,
  "gateBlockRate": {
    "inviolable": 0.15765765765765766,
    "policy": 0,
    "drift": 0.04504504504504504
  }
}
